Balcon Piso 13,20,06,19,09,19,21.84,422.0
Balcon Piso 13,20,06,19,09,24,20.54,442.0
Balcon Piso 13,20,06,19,09,29,21.84,446.0
Balcon Piso 13,20,06,19,09,34,22.1,455.0
Balcon Piso 13,20,06,19,09,39,20.8,453.0
Balcon Piso 13,20,06,19,09,44,21.06,447.0
Balcon Piso 13,20,06,19,09,49,22.1,460.0
Balcon Piso 13,20,06,19,09,54,22.1,454.0
Balcon Piso 13,20,06,19,09,59,21.84,446.0
Balcon Piso 13,20,06,19,10,04,22.1,448.0
Balcon Piso 13,20,06,19,10,09,22.1,451.0
Balcon Piso 13,20,06,19,10,14,22.1,415.0
Balcon Piso 13,20,06,19,10,19,22.88,452.0
Balcon Piso 13,20,06,19,10,24,21.58,479.0
Balcon Piso 13,20,06,19,10,29,22.1,449.0
Balcon Piso 13,20,06,19,10,34,22.1,498.0
Balcon Piso 13,20,06,19,10,39,22.62,478.0
Balcon Piso 13,20,06,19,10,44,22.1,467.0
Balcon Piso 13,20,06,19,10,49,22.36,486.0
Balcon Piso 13,20,06,19,10,54,22.36,461.0
Balcon Piso 13,20,06,19,10,59,23.14,459.0
Balcon Piso 13,20,06,19,11,04,22.36,460.0
Balcon Piso 13,20,06,19,11,09,22.36,460.0
Balcon Piso 13,20,06,19,11,14,22.36,461.0
Balcon Piso 13,20,06,19,11,19,22.1,461.0
Balcon Piso 13,20,06,19,11,24,22.1,462.0
Balcon Piso 13,20,06,19,11,29,22.36,461.0
Balcon Piso 13,20,06,19,11,34,23.14,463.0
Balcon Piso 13,20,06,19,11,39,22.1,463.0
Balcon Piso 13,20,06,19,11,44,22.36,463.0
Balcon Piso 13,20,06,19,11,49,22.62,463.0
Balcon Piso 13,20,06,19,11,54,22.1,463.0
Balcon Piso 13,20,06,19,11,59,20.8,463.0
Balcon Piso 13,20,06,19,12,04,22.1,464.0
Balcon Piso 13,20,06,19,12,09,22.36,463.0
Balcon Piso 13,20,06,19,12,14,22.1,462.0
Balcon Piso 13,20,06,19,12,19,22.1,462.0
Balcon Piso 13,20,06,19,12,24,22.88,462.0
Balcon Piso 13,20,06,19,12,29,22.1,463.0
Balcon Piso 13,20,06,19,12,34,22.62,464.0
Balcon Piso 13,20,06,19,12,39,22.62,463.0
Balcon Piso 13,20,06,19,12,44,22.1,463.0
Balcon Piso 13,20,06,19,12,49,21.06,463.0
Balcon Piso 13,20,06,19,12,54,22.1,454.0
Balcon Piso 13,20,06,19,12,59,16.9,484.0
Balcon Piso 13,20,06,19,13,04,15.6,485.0
Balcon Piso 13,20,06,19,13,09,16.38,484.0
Balcon Piso 13,20,06,19,13,14,16.9,485.0
Balcon Piso 13,20,06,19,13,19,15.86,485.0
Balcon Piso 13,20,06,19,13,24,15.6,484.0
Balcon Piso 13,20,06,19,13,29,15.86,485.0
Balcon Piso 13,20,06,19,13,34,16.38,484.0
Balcon Piso 13,20,06,19,13,39,17.16,483.0
Balcon Piso 13,20,06,19,13,44,15.6,483.0
Balcon Piso 13,20,06,19,13,49,16.12,480.0
Balcon Piso 13,20,06,19,13,54,16.9,441.0
Balcon Piso 13,20,06,19,13,59,15.6,442.0
Balcon Piso 13,20,06,19,14,04,17.16,419.0
Balcon Piso 13,20,06,19,14,09,18.46,417.0
Balcon Piso 13,20,06,19,14,14,17.94,422.0
Balcon Piso 13,20,06,19,14,19,16.38,412.0
Balcon Piso 13,20,06,19,14,24,19.24,404.0
Balcon Piso 13,20,06,19,14,29,19.76,403.0
Balcon Piso 13,20,06,19,14,34,20.02,397.0
Balcon Piso 13,20,06,19,14,39,20.28,398.0
Balcon Piso 13,20,06,19,14,44,20.02,396.0
Balcon Piso 13,20,06,19,14,49,20.54,388.0
Balcon Piso 13,20,06,19,14,54,21.32,382.0
Balcon Piso 13,20,06,19,14,59,20.8,381.0
Balcon Piso 13,20,06,19,15,04,20.8,372.0
Balcon Piso 13,20,06,19,15,09,20.54,366.0
Balcon Piso 13,20,06,19,15,14,21.06,362.0
Balcon Piso 13,20,06,19,15,19,21.06,359.0
Balcon Piso 13,20,06,19,15,24,20.54,357.0
Balcon Piso 13,20,06,19,15,29,21.06,356.0
Balcon Piso 13,20,06,19,15,34,21.32,355.0
Balcon Piso 13,20,06,19,15,39,21.32,354.0
Balcon Piso 13,20,06,19,15,44,21.06,347.0
Balcon Piso 13,20,06,19,15,49,21.06,347.0
Balcon Piso 13,20,06,19,15,54,21.32,339.0
Balcon Piso 13,20,06,19,15,59,20.54,326.0
Balcon Piso 13,20,06,19,16,04,20.8,312.0
Balcon Piso 13,20,06,19,16,09,20.8,299.0
Balcon Piso 13,20,06,19,16,14,20.8,290.0
Balcon Piso 13,20,06,19,16,19,20.8,284.0
Balcon Piso 13,20,06,19,16,24,21.06,274.0
Balcon Piso 13,20,06,19,16,29,20.8,265.0
Balcon Piso 13,20,06,19,16,34,20.8,260.0
Balcon Piso 13,20,06,19,16,39,20.8,259.0
Balcon Piso 13,20,06,19,16,44,20.8,268.0
Balcon Piso 13,20,06,19,16,49,21.32,274.0
Balcon Piso 13,20,06,19,16,54,20.8,273.0
Balcon Piso 13,20,06,19,16,59,20.8,255.0
Balcon Piso 13,20,06,19,17,04,20.8,230.0
Balcon Piso 13,20,06,19,17,09,20.8,203.0
Balcon Piso 13,20,06,19,17,14,20.8,176.0
Balcon Piso 13,20,06,19,17,19,21.06,154.0
Balcon Piso 13,20,06,19,17,24,20.8,127.0
Balcon Piso 13,20,06,19,17,29,20.8,81.0
Balcon Piso 13,20,06,19,17,34,20.8,78.0
Balcon Piso 13,20,06,19,17,39,20.8,58.0
Balcon Piso 13,20,06,19,17,44,20.8,40.0
Balcon Piso 13,20,06,19,17,49,20.54,23.0
Balcon Piso 13,20,06,19,17,54,20.54,11.0
Balcon Piso 13,20,06,19,17,59,21.32,4.0
Balcon Piso 13,20,06,19,18,04,20.54,2.0
Balcon Piso 13,20,06,19,18,09,20.54,1.0
Balcon Piso 13,20,06,19,18,14,20.54,0.0
Balcon Piso 13,20,06,19,18,19,20.54,0.0
Balcon Piso 13,20,06,19,18,24,20.54,0.0
Balcon Piso 13,20,06,19,18,29,20.54,0.0
Balcon Piso 13,20,06,19,18,34,21.06,0.0
Balcon Piso 13,20,06,19,18,39,20.8,0.0
Balcon Piso 13,20,06,19,18,44,20.8,1.0
Balcon Piso 13,20,06,19,18,49,19.76,0.0
Balcon Piso 13,20,06,19,18,54,19.76,0.0
Balcon Piso 13,20,06,19,18,59,20.02,1.0
Balcon Piso 13,20,06,19,19,04,19.5,12.0
Balcon Piso 13,20,06,19,19,09,20.02,6.0
Balcon Piso 13,20,06,19,19,14,20.8,47.0
Balcon Piso 13,20,06,19,19,19,20.02,48.0
Balcon Piso 13,20,06,19,19,24,20.02,48.0
Balcon Piso 13,20,06,19,19,29,20.02,45.0
Balcon Piso 13,20,06,19,19,34,20.28,45.0
Balcon Piso 13,20,06,19,19,39,20.54,45.0
Balcon Piso 13,20,06,19,19,44,20.54,45.0
Balcon Piso 13,20,06,19,19,49,18.98,45.0
Balcon Piso 13,20,06,19,19,54,19.76,45.0
Balcon Piso 13,20,06,19,19,59,20.54,45.0
Balcon Piso 13,20,06,19,20,04,20.54,45.0
Balcon Piso 13,20,06,19,20,09,20.8,46.0
Balcon Piso 13,20,06,19,20,14,21.32,45.0
Balcon Piso 13,20,06,19,20,19,17.94,45.0
Balcon Piso 13,20,06,19,20,24,16.9,45.0
Balcon Piso 13,20,06,19,20,29,16.12,45.0
Balcon Piso 13,20,06,19,20,34,16.38,46.0
Balcon Piso 13,20,06,19,20,39,15.6,46.0
Balcon Piso 13,20,06,19,20,44,15.34,46.0
Balcon Piso 13,20,06,19,20,49,15.6,46.0
Balcon Piso 13,20,06,19,20,54,16.12,45.0
Balcon Piso 13,20,06,19,20,59,15.34,46.0
Balcon Piso 13,20,06,19,21,04,15.34,45.0
Balcon Piso 13,20,06,19,21,09,15.6,46.0
Balcon Piso 13,20,06,19,21,14,16.9,47.0
Balcon Piso 13,20,06,19,21,19,18.2,46.0
Balcon Piso 13,20,06,19,21,24,18.98,45.0
Balcon Piso 13,20,06,19,21,29,19.24,45.0
Balcon Piso 13,20,06,19,21,34,19.24,45.0
Balcon Piso 13,20,06,19,21,39,19.5,45.0
Balcon Piso 13,20,06,19,21,44,19.76,45.0
Balcon Piso 13,20,06,19,21,49,20.28,44.0
Balcon Piso 13,20,06,19,21,54,21.06,44.0
Balcon Piso 13,20,06,19,21,59,21.32,44.0
Balcon Piso 13,20,06,19,22,04,20.54,44.0
Balcon Piso 13,20,06,19,22,09,20.28,44.0
Balcon Piso 13,20,06,19,22,14,20.54,44.0
Balcon Piso 13,20,06,19,22,19,20.54,44.0
Balcon Piso 13,20,06,19,22,24,20.54,41.0
Balcon Piso 13,20,06,19,22,29,20.8,43.0
Balcon Piso 13,20,06,19,22,34,20.8,40.0
Balcon Piso 13,20,06,19,22,39,20.8,44.0
Balcon Piso 13,20,06,19,22,44,20.8,27.0
Balcon Piso 13,20,06,19,22,49,20.8,27.0
Balcon Piso 13,20,06,19,22,54,20.8,26.0
Balcon Piso 13,20,06,19,22,59,21.06,26.0
Balcon Piso 13,20,06,19,23,04,20.8,26.0
Balcon Piso 13,20,06,19,23,09,21.06,26.0
Balcon Piso 13,20,06,19,23,14,20.28,27.0
Balcon Piso 13,20,06,19,23,19,21.32,27.0
Balcon Piso 13,20,06,19,23,24,21.06,0.0
Balcon Piso 13,20,06,19,23,29,21.06,0.0
Balcon Piso 13,20,06,19,23,34,22.1,0.0
Balcon Piso 13,20,06,19,23,39,21.06,0.0
Balcon Piso 13,20,06,19,23,44,21.06,0.0
Balcon Piso 13,20,06,19,23,49,21.58,0.0
Balcon Piso 13,20,06,19,23,54,21.32,0.0
Balcon Piso 13,21,06,19,00,00,21.84,0.0
Balcon Piso 13,21,06,19,00,05,21.32,0.0
Balcon Piso 13,21,06,19,00,10,21.06,0.0
Balcon Piso 13,21,06,19,00,15,21.32,0.0
Balcon Piso 13,21,06,19,00,20,21.32,0.0
Balcon Piso 13,21,06,19,00,25,21.32,0.0
Balcon Piso 13,21,06,19,00,30,21.32,0.0
Balcon Piso 13,21,06,19,00,35,20.8,0.0
Balcon Piso 13,21,06,19,00,40,21.32,0.0
Balcon Piso 13,21,06,19,00,45,22.36,0.0
Balcon Piso 13,21,06,19,00,50,21.58,0.0
Balcon Piso 13,21,06,19,00,55,21.84,0.0
Balcon Piso 13,21,06,19,01,00,21.58,0.0
Balcon Piso 13,21,06,19,01,05,21.58,0.0
Balcon Piso 13,21,06,19,01,10,21.58,0.0
Balcon Piso 13,21,06,19,01,15,21.58,0.0
Balcon Piso 13,21,06,19,01,20,21.58,0.0
Balcon Piso 13,21,06,19,01,25,21.32,0.0
Balcon Piso 13,21,06,19,01,30,21.58,0.0
Balcon Piso 13,21,06,19,01,35,21.58,0.0
Balcon Piso 13,21,06,19,01,40,21.84,0.0
Balcon Piso 13,21,06,19,01,45,21.84,0.0
Balcon Piso 13,21,06,19,01,50,21.84,0.0
Balcon Piso 13,21,06,19,01,55,21.84,0.0
Balcon Piso 13,21,06,19,02,00,21.84,0.0
Balcon Piso 13,21,06,19,02,05,21.84,0.0
Balcon Piso 13,21,06,19,02,10,21.84,0.0
Balcon Piso 13,21,06,19,02,15,21.84,0.0
Balcon Piso 13,21,06,19,02,20,21.84,0.0
Balcon Piso 13,21,06,19,02,25,21.84,0.0
Balcon Piso 13,21,06,19,02,30,21.84,0.0
Balcon Piso 13,21,06,19,02,35,22.1,9.0
Balcon Piso 13,21,06,19,02,40,21.84,12.0
Balcon Piso 13,21,06,19,02,45,22.88,11.0
Balcon Piso 13,21,06,19,02,50,22.1,11.0
Balcon Piso 13,21,06,19,02,55,22.1,11.0
Balcon Piso 13,21,06,19,03,00,22.1,10.0
Balcon Piso 13,21,06,19,03,05,23.14,10.0
Balcon Piso 13,21,06,19,03,10,22.1,10.0
Balcon Piso 13,21,06,19,03,15,21.84,11.0
Balcon Piso 13,21,06,19,03,20,22.1,0.0
Balcon Piso 13,21,06,19,03,25,21.84,0.0
Balcon Piso 13,21,06,19,03,30,21.84,0.0
Balcon Piso 13,21,06,19,03,35,21.84,0.0
Balcon Piso 13,21,06,19,03,40,21.84,0.0
Balcon Piso 13,21,06,19,03,45,21.84,0.0
Balcon Piso 13,21,06,19,03,50,21.84,0.0
Balcon Piso 13,21,06,19,03,55,21.84,0.0
Balcon Piso 13,21,06,19,04,00,21.84,0.0
Balcon Piso 13,21,06,19,04,05,21.84,0.0
Balcon Piso 13,21,06,19,04,10,21.84,0.0
Balcon Piso 13,21,06,19,04,15,21.58,0.0
Balcon Piso 13,21,06,19,04,20,21.84,0.0
Balcon Piso 13,21,06,19,04,25,21.84,0.0
Balcon Piso 13,21,06,19,04,30,21.84,0.0
Balcon Piso 13,21,06,19,04,35,22.36,0.0
Balcon Piso 13,21,06,19,04,40,21.84,0.0
Balcon Piso 13,21,06,19,04,45,22.36,0.0
Balcon Piso 13,21,06,19,04,50,21.58,0.0
Balcon Piso 13,21,06,19,04,55,21.58,0.0
Balcon Piso 13,21,06,19,05,00,21.58,0.0
Balcon Piso 13,21,06,19,05,05,21.84,0.0
Balcon Piso 13,21,06,19,05,10,21.58,0.0
Balcon Piso 13,21,06,19,05,15,21.58,0.0
Balcon Piso 13,21,06,19,05,20,21.84,0.0
Balcon Piso 13,21,06,19,05,25,21.84,0.0
Balcon Piso 13,21,06,19,05,30,21.84,0.0
Balcon Piso 13,21,06,19,05,35,21.58,0.0
Balcon Piso 13,21,06,19,05,40,21.58,0.0
Balcon Piso 13,21,06,19,05,45,21.32,0.0
Balcon Piso 13,21,06,19,05,50,21.32,0.0
Balcon Piso 13,21,06,19,05,55,21.58,0.0
Balcon Piso 13,21,06,19,06,00,21.58,0.0
Balcon Piso 13,21,06,19,06,05,21.58,0.0
Balcon Piso 13,21,06,19,06,10,21.58,0.0
Balcon Piso 13,21,06,19,06,15,21.84,0.0
Balcon Piso 13,21,06,19,06,20,21.06,0.0
Balcon Piso 13,21,06,19,06,25,21.06,0.0
Balcon Piso 13,21,06,19,06,30,21.58,0.0
Balcon Piso 13,21,06,19,06,35,21.58,0.0
Balcon Piso 13,21,06,19,06,40,21.58,0.0
Balcon Piso 13,21,06,19,06,45,21.58,0.0
Balcon Piso 13,21,06,19,06,50,21.58,0.0
Balcon Piso 13,21,06,19,06,55,21.58,0.0
Balcon Piso 13,21,06,19,07,00,21.58,0.0
Balcon Piso 13,21,06,19,07,05,21.32,0.0
Balcon Piso 13,21,06,19,07,10,21.32,0.0
Balcon Piso 13,21,06,19,07,15,21.32,0.0
Balcon Piso 13,21,06,19,07,20,21.58,0.0
Balcon Piso 13,21,06,19,07,25,21.58,1.0
Balcon Piso 13,21,06,19,07,30,21.32,4.0
Balcon Piso 13,21,06,19,07,35,21.32,11.0
Balcon Piso 13,21,06,19,07,40,21.32,23.0
Balcon Piso 13,21,06,19,07,45,21.58,33.0
Balcon Piso 13,21,06,19,07,50,21.32,49.0
Balcon Piso 13,21,06,19,07,55,21.32,66.0
Balcon Piso 13,21,06,19,08,00,20.54,92.0
Balcon Piso 13,21,06,19,08,05,21.32,125.0
Balcon Piso 13,21,06,19,08,10,21.58,155.0
Balcon Piso 13,21,06,19,08,15,21.58,182.0
Balcon Piso 13,21,06,19,08,20,21.58,205.0
Balcon Piso 13,21,06,19,08,25,21.32,225.0
Balcon Piso 13,21,06,19,08,30,21.58,244.0
Balcon Piso 13,21,06,19,08,35,22.36,261.0
Balcon Piso 13,21,06,19,08,40,21.58,283.0
Balcon Piso 13,21,06,19,08,45,21.58,290.0
Balcon Piso 13,21,06,19,08,50,21.84,309.0
Balcon Piso 13,21,06,19,08,55,21.58,327.0
Balcon Piso 13,21,06,19,09,00,21.32,338.0
Balcon Piso 13,21,06,19,09,05,21.58,352.0
Balcon Piso 13,21,06,19,09,10,21.58,362.0
Balcon Piso 13,21,06,19,09,15,21.58,370.0
Balcon Piso 13,21,06,19,09,20,21.58,376.0
Balcon Piso 13,21,06,19,09,25,21.84,386.0
Balcon Piso 13,21,06,19,09,30,22.1,392.0
Balcon Piso 13,21,06,19,09,35,21.84,398.0
Balcon Piso 13,21,06,19,09,40,21.84,408.0
Balcon Piso 13,21,06,19,09,45,22.1,414.0
Balcon Piso 13,21,06,19,09,50,21.58,418.0
Balcon Piso 13,21,06,19,09,55,21.84,431.0
Balcon Piso 13,21,06,19,10,00,21.84,435.0
Balcon Piso 13,21,06,19,10,05,21.32,435.0
Balcon Piso 13,21,06,19,10,10,21.58,444.0
Balcon Piso 13,21,06,19,10,15,21.58,440.0
Balcon Piso 13,21,06,19,10,20,21.84,444.0
Balcon Piso 13,21,06,19,10,25,21.84,445.0
Balcon Piso 13,21,06,19,10,30,21.84,446.0
Balcon Piso 13,21,06,19,10,35,21.32,452.0
Balcon Piso 13,21,06,19,10,40,21.06,449.0
Balcon Piso 13,21,06,19,10,45,22.36,446.0
Balcon Piso 13,21,06,19,10,50,21.06,447.0
Balcon Piso 13,21,06,19,10,55,20.28,446.0
Balcon Piso 13,21,06,19,11,00,20.54,448.0
Balcon Piso 13,21,06,19,11,05,21.06,448.0
Balcon Piso 13,21,06,19,11,10,21.84,452.0
Balcon Piso 13,21,06,19,11,15,22.36,454.0
Balcon Piso 13,21,06,19,11,20,20.8,459.0
Balcon Piso 13,21,06,19,11,25,22.1,466.0
Balcon Piso 13,21,06,19,11,30,21.58,464.0
Balcon Piso 13,21,06,19,11,35,21.32,467.0
Balcon Piso 13,21,06,19,11,40,21.84,476.0
Balcon Piso 13,21,06,19,11,45,21.58,474.0
Balcon Piso 13,21,06,19,11,50,23.66,474.0
Balcon Piso 13,21,06,19,11,55,21.84,466.0
Balcon Piso 13,21,06,19,12,00,22.1,464.0
Balcon Piso 13,21,06,19,12,05,22.1,470.0
Balcon Piso 13,21,06,19,12,10,22.1,475.0
Balcon Piso 13,21,06,19,12,15,22.1,480.0
Balcon Piso 13,21,06,19,12,20,22.1,478.0
Balcon Piso 13,21,06,19,12,25,22.36,480.0
Balcon Piso 13,21,06,19,12,30,23.14,478.0
Balcon Piso 13,21,06,19,12,35,21.84,470.0
Balcon Piso 13,21,06,19,12,40,22.36,470.0
Balcon Piso 13,21,06,19,12,45,19.24,483.0
Balcon Piso 13,21,06,19,12,50,16.64,491.0
Balcon Piso 13,21,06,19,12,55,19.5,486.0
Balcon Piso 13,21,06,19,13,00,20.02,492.0
Balcon Piso 13,21,06,19,13,05,20.28,499.0
Balcon Piso 13,21,06,19,13,10,21.06,499.0
Balcon Piso 13,21,06,19,13,15,20.8,497.0
Balcon Piso 13,21,06,19,13,20,21.06,485.0
Balcon Piso 13,21,06,19,13,25,21.84,486.0
Balcon Piso 13,21,06,19,13,30,21.06,467.0
Balcon Piso 13,21,06,19,13,35,21.58,440.0
Balcon Piso 13,21,06,19,13,40,21.06,424.0
Balcon Piso 13,21,06,19,13,45,21.58,423.0
Balcon Piso 13,21,06,19,13,50,21.58,431.0
Balcon Piso 13,21,06,19,13,55,21.84,453.0
Balcon Piso 13,21,06,19,14,00,21.84,465.0
Balcon Piso 13,21,06,19,14,05,21.84,462.0
Balcon Piso 13,21,06,19,14,10,20.8,443.0
Balcon Piso 13,21,06,19,14,15,22.62,437.0
Balcon Piso 13,21,06,19,14,20,22.62,436.0
Balcon Piso 13,21,06,19,14,25,21.84,431.0
Balcon Piso 13,21,06,19,14,30,21.58,431.0
Balcon Piso 13,21,06,19,14,35,21.06,429.0
Balcon Piso 13,21,06,19,14,40,21.32,435.0
Balcon Piso 13,21,06,19,14,45,21.58,425.0
Balcon Piso 13,21,06,19,14,50,22.1,406.0
Balcon Piso 13,21,06,19,14,55,23.14,414.0
Balcon Piso 13,21,06,19,15,00,21.84,418.0
Balcon Piso 13,21,06,19,15,05,21.84,397.0
Balcon Piso 13,21,06,19,15,10,22.1,401.0
Balcon Piso 13,21,06,19,15,15,22.1,409.0
Balcon Piso 13,21,06,19,15,20,21.84,397.0
Balcon Piso 13,21,06,19,15,25,21.06,380.0
Balcon Piso 13,21,06,19,15,30,21.84,371.0
Balcon Piso 13,21,06,19,15,35,22.1,367.0
Balcon Piso 13,21,06,19,15,40,21.84,363.0
Balcon Piso 13,21,06,19,15,45,21.84,352.0
Balcon Piso 13,21,06,19,15,50,21.84,350.0
Balcon Piso 13,21,06,19,15,55,21.84,340.0
Balcon Piso 13,21,06,19,16,00,21.84,340.0
Balcon Piso 13,21,06,19,16,05,21.84,303.0
Balcon Piso 13,21,06,19,16,10,21.58,280.0
Balcon Piso 13,21,06,19,16,15,21.58,251.0
Balcon Piso 13,21,06,19,16,20,21.58,244.0
Balcon Piso 13,21,06,19,16,25,21.58,217.0
Balcon Piso 13,21,06,19,16,30,21.58,223.0
Balcon Piso 13,21,06,19,16,35,21.58,222.0
Balcon Piso 13,21,06,19,16,40,21.32,215.0
Balcon Piso 13,21,06,19,16,45,21.32,195.0
Balcon Piso 13,21,06,19,16,50,21.32,155.0
Balcon Piso 13,21,06,19,16,55,21.32,85.0
Balcon Piso 13,21,06,19,17,00,21.84,119.0
Balcon Piso 13,21,06,19,17,05,21.58,112.0
Balcon Piso 13,21,06,19,17,10,22.62,99.0
Balcon Piso 13,21,06,19,17,15,21.32,88.0
Balcon Piso 13,21,06,19,17,20,21.32,75.0
Balcon Piso 13,21,06,19,17,25,20.54,64.0
Balcon Piso 13,21,06,19,17,30,21.32,53.0
Balcon Piso 13,21,06,19,17,35,21.32,38.0
Balcon Piso 13,21,06,19,17,40,20.02,30.0
Balcon Piso 13,21,06,19,17,45,21.32,21.0
Balcon Piso 13,21,06,19,17,50,21.32,11.0
Balcon Piso 13,21,06,19,17,55,21.32,6.0
Balcon Piso 13,21,06,19,18,00,21.32,2.0
Balcon Piso 13,21,06,19,18,05,21.32,2.0
Balcon Piso 13,21,06,19,18,10,21.32,1.0
Balcon Piso 13,21,06,19,18,15,21.32,22.0
Balcon Piso 13,21,06,19,18,20,21.32,25.0
Balcon Piso 13,21,06,19,18,25,21.84,25.0
Balcon Piso 13,21,06,19,18,30,21.58,25.0
Balcon Piso 13,21,06,19,18,35,21.32,26.0
Balcon Piso 13,21,06,19,18,40,20.28,25.0
Balcon Piso 13,21,06,19,18,45,21.84,25.0
Balcon Piso 13,21,06,19,18,50,21.58,26.0
Balcon Piso 13,21,06,19,18,55,21.32,25.0
Balcon Piso 13,21,06,19,19,00,21.58,25.0
Balcon Piso 13,21,06,19,19,05,21.32,25.0
Balcon Piso 13,21,06,19,19,10,21.32,25.0
Balcon Piso 13,21,06,19,19,15,21.84,25.0
Balcon Piso 13,21,06,19,19,20,20.02,25.0
Balcon Piso 13,21,06,19,19,25,21.06,24.0
Balcon Piso 13,21,06,19,19,30,20.28,24.0
Balcon Piso 13,21,06,19,19,35,21.06,25.0
Balcon Piso 13,21,06,19,19,40,21.06,25.0
Balcon Piso 13,21,06,19,19,45,21.06,25.0
Balcon Piso 13,21,06,19,19,50,21.06,25.0
Balcon Piso 13,21,06,19,19,55,21.06,25.0
Balcon Piso 13,21,06,19,20,00,21.06,25.0
Balcon Piso 13,21,06,19,20,05,20.8,26.0
Balcon Piso 13,21,06,19,20,10,21.32,25.0
Balcon Piso 13,21,06,19,20,15,21.06,25.0
Balcon Piso 13,21,06,19,20,20,21.06,25.0
Balcon Piso 13,21,06,19,20,25,21.06,25.0
Balcon Piso 13,21,06,19,20,30,21.06,25.0
Balcon Piso 13,21,06,19,20,35,21.06,25.0
Balcon Piso 13,21,06,19,20,40,21.06,25.0
Balcon Piso 13,21,06,19,20,45,21.06,26.0
Balcon Piso 13,21,06,19,20,50,21.06,26.0
Balcon Piso 13,21,06,19,20,55,21.06,45.0
Balcon Piso 13,21,06,19,21,00,21.32,46.0
Balcon Piso 13,21,06,19,21,05,21.06,44.0
Balcon Piso 13,21,06,19,21,10,21.06,43.0
Balcon Piso 13,21,06,19,21,15,21.32,44.0
Balcon Piso 13,21,06,19,21,20,19.5,44.0
Balcon Piso 13,21,06,19,21,25,21.06,43.0
Balcon Piso 13,21,06,19,21,30,21.32,43.0
Balcon Piso 13,21,06,19,21,35,22.36,43.0
Balcon Piso 13,21,06,19,21,40,19.24,43.0
Balcon Piso 13,21,06,19,21,45,21.32,41.0
Balcon Piso 13,21,06,19,21,50,21.32,42.0
Balcon Piso 13,21,06,19,21,55,21.32,42.0
Balcon Piso 13,21,06,19,22,00,21.32,42.0
Balcon Piso 13,21,06,19,22,05,21.58,43.0
Balcon Piso 13,21,06,19,22,10,21.32,40.0
Balcon Piso 13,21,06,19,22,15,21.58,43.0
Balcon Piso 13,21,06,19,22,20,21.32,42.0
Balcon Piso 13,21,06,19,22,25,21.06,40.0
Balcon Piso 13,21,06,19,22,30,21.06,41.0
Balcon Piso 13,21,06,19,22,35,21.84,42.0
Balcon Piso 13,21,06,19,22,40,21.32,42.0
Balcon Piso 13,21,06,19,22,45,21.06,41.0
Balcon Piso 13,21,06,19,22,50,21.06,42.0
Balcon Piso 13,21,06,19,22,55,21.32,42.0
Balcon Piso 13,21,06,19,23,00,21.58,42.0
Balcon Piso 13,21,06,19,23,05,21.06,42.0
Balcon Piso 13,21,06,19,23,10,20.8,42.0
Balcon Piso 13,21,06,19,23,15,21.84,43.0
Balcon Piso 13,21,06,19,23,20,21.32,42.0
Balcon Piso 13,21,06,19,23,25,21.06,42.0
Balcon Piso 13,21,06,19,23,30,21.06,43.0
Balcon Piso 13,21,06,19,23,35,20.02,43.0
Balcon Piso 13,21,06,19,23,40,21.32,43.0
Balcon Piso 13,21,06,19,23,45,19.76,43.0
Balcon Piso 13,21,06,19,23,50,21.06,43.0
Balcon Piso 13,21,06,19,23,55,21.06,43.0
Balcon Piso 13,22,06,19,00,00,20.8,42.0
Balcon Piso 13,22,06,19,00,05,21.06,43.0
Balcon Piso 13,22,06,19,00,10,20.8,43.0
Balcon Piso 13,22,06,19,00,15,21.06,0.0
Balcon Piso 13,22,06,19,00,20,21.06,0.0
Balcon Piso 13,22,06,19,00,25,21.84,0.0
Balcon Piso 13,22,06,19,00,30,21.32,0.0
Balcon Piso 13,22,06,19,00,35,21.06,0.0
Balcon Piso 13,22,06,19,00,40,21.06,0.0
Balcon Piso 13,22,06,19,00,45,19.5,0.0
Balcon Piso 13,22,06,19,00,50,20.8,0.0
Balcon Piso 13,22,06,19,00,55,21.06,0.0
Balcon Piso 13,22,06,19,01,00,21.58,0.0
Balcon Piso 13,22,06,19,01,05,21.32,0.0
Balcon Piso 13,22,06,19,01,10,21.06,0.0
Balcon Piso 13,22,06,19,01,15,21.06,0.0
Balcon Piso 13,22,06,19,01,20,20.02,0.0
Balcon Piso 13,22,06,19,01,25,20.8,0.0
Balcon Piso 13,22,06,19,01,30,21.06,0.0
Balcon Piso 13,22,06,19,01,36,21.32,0.0
Balcon Piso 13,22,06,19,01,41,21.32,0.0
Balcon Piso 13,22,06,19,01,46,21.06,0.0
Balcon Piso 13,22,06,19,01,51,21.06,0.0
Balcon Piso 13,22,06,19,01,56,21.06,0.0
Balcon Piso 13,22,06,19,02,01,21.06,0.0
Balcon Piso 13,22,06,19,02,06,21.06,0.0
Balcon Piso 13,22,06,19,02,11,21.06,0.0
Balcon Piso 13,22,06,19,02,16,21.06,0.0
Balcon Piso 13,22,06,19,02,21,21.06,0.0
Balcon Piso 13,22,06,19,02,26,21.06,0.0
Balcon Piso 13,22,06,19,02,31,21.06,0.0
Balcon Piso 13,22,06,19,02,36,21.32,0.0
Balcon Piso 13,22,06,19,02,41,20.54,0.0
Balcon Piso 13,22,06,19,02,46,22.36,0.0
Balcon Piso 13,22,06,19,02,51,21.06,0.0
Balcon Piso 13,22,06,19,02,56,21.06,0.0
Balcon Piso 13,22,06,19,03,01,21.06,0.0
Balcon Piso 13,22,06,19,03,06,21.06,0.0
Balcon Piso 13,22,06,19,03,11,21.06,0.0
Balcon Piso 13,22,06,19,03,16,21.06,1.0
Balcon Piso 13,22,06,19,03,21,21.06,0.0
Balcon Piso 13,22,06,19,03,26,21.06,0.0
Balcon Piso 13,22,06,19,03,31,21.06,0.0
Balcon Piso 13,22,06,19,03,36,21.84,0.0
Balcon Piso 13,22,06,19,03,41,21.06,0.0
Balcon Piso 13,22,06,19,03,46,21.06,0.0
Balcon Piso 13,22,06,19,03,51,21.06,0.0
Balcon Piso 13,22,06,19,03,56,20.8,0.0
Balcon Piso 13,22,06,19,04,01,20.8,0.0
Balcon Piso 13,22,06,19,04,06,20.8,0.0
Balcon Piso 13,22,06,19,04,11,21.06,0.0
Balcon Piso 13,22,06,19,04,16,21.58,0.0
Balcon Piso 13,22,06,19,04,21,21.06,0.0
Balcon Piso 13,22,06,19,04,26,20.8,0.0
Balcon Piso 13,22,06,19,04,31,21.32,0.0
Balcon Piso 13,22,06,19,04,36,20.8,0.0
Balcon Piso 13,22,06,19,04,41,21.06,0.0
Balcon Piso 13,22,06,19,04,46,21.06,0.0
Balcon Piso 13,22,06,19,04,51,20.8,0.0
Balcon Piso 13,22,06,19,04,56,20.54,0.0
Balcon Piso 13,22,06,19,05,01,20.8,0.0
Balcon Piso 13,22,06,19,05,06,21.06,0.0
Balcon Piso 13,22,06,19,05,11,21.06,0.0
Balcon Piso 13,22,06,19,05,16,20.8,0.0
Balcon Piso 13,22,06,19,05,21,21.06,0.0
Balcon Piso 13,22,06,19,05,26,20.8,0.0
Balcon Piso 13,22,06,19,05,31,21.84,0.0
Balcon Piso 13,22,06,19,05,36,20.8,0.0
Balcon Piso 13,22,06,19,05,41,21.06,0.0
Balcon Piso 13,22,06,19,05,46,20.8,0.0
Balcon Piso 13,22,06,19,05,51,20.8,0.0
Balcon Piso 13,22,06,19,05,56,20.8,0.0
Balcon Piso 13,22,06,19,06,01,21.06,0.0
Balcon Piso 13,22,06,19,06,06,21.32,0.0
Balcon Piso 13,22,06,19,06,11,21.06,0.0
Balcon Piso 13,22,06,19,06,16,21.06,0.0
Balcon Piso 13,22,06,19,06,21,20.8,0.0
Balcon Piso 13,22,06,19,06,26,20.8,0.0
Balcon Piso 13,22,06,19,06,31,21.06,0.0
Balcon Piso 13,22,06,19,06,36,21.06,0.0
Balcon Piso 13,22,06,19,06,41,20.8,0.0
Balcon Piso 13,22,06,19,06,46,20.02,0.0
Balcon Piso 13,22,06,19,06,51,20.8,0.0
Balcon Piso 13,22,06,19,06,56,19.76,0.0
Balcon Piso 13,22,06,19,07,01,20.8,0.0
Balcon Piso 13,22,06,19,07,06,21.32,0.0
Balcon Piso 13,22,06,19,07,11,20.8,0.0
Balcon Piso 13,22,06,19,07,16,20.8,0.0
Balcon Piso 13,22,06,19,07,21,20.8,0.0
Balcon Piso 13,22,06,19,07,26,20.54,0.0
Balcon Piso 13,22,06,19,07,31,20.54,1.0
Balcon Piso 13,22,06,19,07,36,20.54,3.0
Balcon Piso 13,22,06,19,07,41,20.54,9.0
Balcon Piso 13,22,06,19,07,46,20.54,17.0
Balcon Piso 13,22,06,19,07,51,20.8,27.0
Balcon Piso 13,22,06,19,07,56,20.54,45.0
Balcon Piso 13,22,06,19,08,01,20.8,46.0
Balcon Piso 13,22,06,19,08,06,21.06,77.0
Balcon Piso 13,22,06,19,08,11,20.8,77.0
Balcon Piso 13,22,06,19,08,16,21.06,91.0
Balcon Piso 13,22,06,19,08,21,20.8,130.0
Balcon Piso 13,22,06,19,08,26,21.58,140.0
Balcon Piso 13,22,06,19,08,31,20.8,174.0
Balcon Piso 13,22,06,19,08,36,20.8,185.0
Balcon Piso 13,22,06,19,08,41,20.8,230.0
Balcon Piso 13,22,06,19,08,46,21.06,232.0
Balcon Piso 13,22,06,19,08,51,20.8,235.0
Balcon Piso 13,22,06,19,08,56,20.8,210.0
Balcon Piso 13,22,06,19,09,01,20.8,262.0
Balcon Piso 13,22,06,19,09,06,21.06,284.0
Balcon Piso 13,22,06,19,09,11,21.06,305.0
Balcon Piso 13,22,06,19,09,16,20.8,277.0
Balcon Piso 13,22,06,19,09,21,21.06,350.0
Balcon Piso 13,22,06,19,09,26,20.28,406.0
Balcon Piso 13,22,06,19,09,31,21.32,402.0
Balcon Piso 13,22,06,19,09,36,21.32,425.0
Balcon Piso 13,22,06,19,09,41,21.58,380.0
Balcon Piso 13,22,06,19,09,46,21.32,345.0
Balcon Piso 13,22,06,19,09,51,19.76,276.0
Balcon Piso 13,22,06,19,09,56,20.8,391.0
Balcon Piso 13,22,06,19,10,01,17.94,406.0
Balcon Piso 13,22,06,19,10,06,17.16,400.0
Balcon Piso 13,22,06,19,10,11,17.94,401.0
Balcon Piso 13,22,06,19,10,16,17.94,461.0
Balcon Piso 13,22,06,19,10,21,17.42,440.0
Balcon Piso 13,22,06,19,10,26,16.9,441.0
Balcon Piso 13,22,06,19,10,31,17.16,413.0
Balcon Piso 13,22,06,19,10,36,17.68,400.0
Balcon Piso 13,22,06,19,10,41,17.68,444.0
Balcon Piso 13,22,06,19,10,46,17.42,437.0
Balcon Piso 13,22,06,19,10,51,18.72,410.0
Balcon Piso 13,22,06,19,10,56,19.5,448.0
Balcon Piso 13,22,06,19,11,01,20.02,418.0
Balcon Piso 13,22,06,19,11,06,20.28,414.0
Balcon Piso 13,22,06,19,11,11,19.76,406.0
Balcon Piso 13,22,06,19,11,16,18.46,422.0
Balcon Piso 13,22,06,19,11,21,17.94,445.0
Balcon Piso 13,22,06,19,11,26,18.46,385.0
Balcon Piso 13,22,06,19,11,31,17.68,418.0
Balcon Piso 13,22,06,19,11,36,17.68,403.0
Balcon Piso 13,22,06,19,11,41,17.68,364.0
Balcon Piso 13,22,06,19,11,46,18.72,369.0
Balcon Piso 13,22,06,19,11,51,20.02,394.0
Balcon Piso 13,22,06,19,11,56,17.94,374.0
Balcon Piso 13,22,06,19,12,01,17.68,455.0
Balcon Piso 13,22,06,19,12,06,16.9,447.0
Balcon Piso 13,22,06,19,12,11,17.68,435.0
Balcon Piso 13,22,06,19,12,16,18.98,395.0
Balcon Piso 13,22,06,19,12,21,19.76,388.0
Balcon Piso 13,22,06,19,12,26,20.28,388.0
Balcon Piso 13,22,06,19,12,31,20.28,364.0
Balcon Piso 13,22,06,19,12,36,18.72,415.0
Balcon Piso 13,22,06,19,12,41,18.46,385.0
Balcon Piso 13,22,06,19,12,46,18.98,338.0
Balcon Piso 13,22,06,19,12,51,20.28,325.0
Balcon Piso 13,22,06,19,12,56,20.54,325.0
Balcon Piso 13,22,06,19,13,01,22.1,389.0
Balcon Piso 13,22,06,19,13,06,20.8,410.0
Balcon Piso 13,22,06,19,13,11,20.8,404.0
Balcon Piso 13,22,06,19,13,16,20.8,361.0
Balcon Piso 13,22,06,19,13,21,20.8,357.0
Balcon Piso 13,22,06,19,13,26,20.28,378.0
Balcon Piso 13,22,06,19,13,31,20.8,392.0
Balcon Piso 13,22,06,19,13,36,20.8,450.0
Balcon Piso 13,22,06,19,13,41,19.5,402.0
Balcon Piso 13,22,06,19,13,46,18.46,380.0
Balcon Piso 13,22,06,19,13,51,17.68,365.0
Balcon Piso 13,22,06,19,13,56,18.2,323.0
Balcon Piso 13,22,06,19,14,01,18.46,397.0
Balcon Piso 13,22,06,19,14,06,18.46,430.0
Balcon Piso 13,22,06,19,14,11,20.54,404.0
Balcon Piso 13,22,06,19,14,16,18.98,382.0
Balcon Piso 13,22,06,19,14,21,20.02,381.0
Balcon Piso 13,22,06,19,14,26,18.72,390.0
Balcon Piso 13,22,06,19,14,31,18.2,400.0
Balcon Piso 13,22,06,19,14,36,19.24,421.0
Balcon Piso 13,22,06,19,14,41,20.02,430.0
Balcon Piso 13,22,06,19,14,46,17.42,412.0
Balcon Piso 13,22,06,19,14,51,19.76,478.0
Balcon Piso 13,22,06,19,14,56,20.28,464.0
Balcon Piso 13,22,06,19,15,01,20.28,416.0
Balcon Piso 13,22,06,19,15,06,19.76,424.0
Balcon Piso 13,22,06,19,15,11,20.28,429.0
Balcon Piso 13,22,06,19,15,16,18.46,432.0
Balcon Piso 13,22,06,19,15,21,17.94,429.0
Balcon Piso 13,22,06,19,15,26,17.42,446.0
Balcon Piso 13,22,06,19,15,31,19.76,446.0
Balcon Piso 13,22,06,19,15,36,19.76,410.0
Balcon Piso 13,22,06,19,15,41,19.76,373.0
Balcon Piso 13,22,06,19,15,46,19.76,412.0
Balcon Piso 13,22,06,19,15,51,20.28,420.0
Balcon Piso 13,22,06,19,15,56,20.28,408.0
Balcon Piso 13,22,06,19,16,01,20.02,396.0
Balcon Piso 13,22,06,19,16,06,20.02,399.0
Balcon Piso 13,22,06,19,16,11,18.72,373.0
Balcon Piso 13,22,06,19,16,16,17.94,343.0
Balcon Piso 13,22,06,19,16,21,19.5,338.0
Balcon Piso 13,22,06,19,16,26,20.02,349.0
Balcon Piso 13,22,06,19,16,31,18.2,361.0
Balcon Piso 13,22,06,19,16,36,18.2,338.0
Balcon Piso 13,22,06,19,16,41,17.42,333.0
Balcon Piso 13,22,06,19,16,46,19.24,327.0
Balcon Piso 13,22,06,19,16,51,17.94,313.0
Balcon Piso 13,22,06,19,16,56,18.2,304.0
Balcon Piso 13,22,06,19,17,01,18.2,279.0
Balcon Piso 13,22,06,19,17,06,18.2,250.0
Balcon Piso 13,22,06,19,17,11,18.72,218.0
Balcon Piso 13,22,06,19,17,16,18.72,206.0
Balcon Piso 13,22,06,19,17,21,17.68,193.0
Balcon Piso 13,22,06,19,17,26,17.68,162.0
Balcon Piso 13,22,06,19,17,31,18.46,131.0
Balcon Piso 13,22,06,19,17,36,17.94,91.0
Balcon Piso 13,22,06,19,17,41,18.46,50.0
Balcon Piso 13,22,06,19,17,46,18.2,30.0
Balcon Piso 13,22,06,19,17,51,18.98,33.0
Balcon Piso 13,22,06,19,17,56,18.46,32.0
Balcon Piso 13,22,06,19,18,01,18.2,28.0
Balcon Piso 13,22,06,19,18,06,17.94,27.0
Balcon Piso 13,22,06,19,18,11,17.94,26.0
Balcon Piso 13,22,06,19,18,16,17.68,26.0
Balcon Piso 13,22,06,19,18,21,17.94,26.0
Balcon Piso 13,22,06,19,18,26,17.94,25.0
Balcon Piso 13,22,06,19,18,31,18.46,26.0
Balcon Piso 13,22,06,19,18,36,18.72,25.0
Balcon Piso 13,22,06,19,18,41,20.02,25.0
Balcon Piso 13,22,06,19,18,46,20.54,25.0
Balcon Piso 13,22,06,19,18,51,20.54,25.0
Balcon Piso 13,22,06,19,18,56,20.54,24.0
Balcon Piso 13,22,06,19,19,01,20.54,24.0
Balcon Piso 13,22,06,19,19,06,21.06,24.0
Balcon Piso 13,22,06,19,19,11,21.06,25.0
Balcon Piso 13,22,06,19,19,16,21.32,25.0
Balcon Piso 13,22,06,19,19,21,20.28,24.0
Balcon Piso 13,22,06,19,19,26,21.32,106.0
Balcon Piso 13,22,06,19,19,31,21.84,103.0
Balcon Piso 13,22,06,19,19,36,20.8,125.0
Balcon Piso 13,22,06,19,19,41,19.5,121.0
Balcon Piso 13,22,06,19,19,46,17.94,116.0
Balcon Piso 13,22,06,19,19,51,18.46,123.0
Balcon Piso 13,22,06,19,19,56,18.98,119.0
Balcon Piso 13,22,06,19,20,01,18.2,107.0
Balcon Piso 13,22,06,19,20,06,17.94,111.0
Balcon Piso 13,22,06,19,20,11,17.68,118.0
Balcon Piso 13,22,06,19,20,16,17.94,122.0
Balcon Piso 13,22,06,19,20,21,18.2,122.0
Balcon Piso 13,22,06,19,20,26,18.46,107.0
Balcon Piso 13,22,06,19,20,31,16.9,106.0
Balcon Piso 13,22,06,19,20,36,17.16,106.0
Balcon Piso 13,22,06,19,20,41,17.94,121.0
Balcon Piso 13,22,06,19,20,46,17.42,110.0
Balcon Piso 13,22,06,19,20,51,17.94,107.0
Balcon Piso 13,22,06,19,20,56,17.42,107.0
Balcon Piso 13,22,06,19,21,01,17.68,122.0
Balcon Piso 13,22,06,19,21,06,18.98,122.0
Balcon Piso 13,22,06,19,21,11,17.94,122.0
Balcon Piso 13,22,06,19,21,16,17.16,122.0
Balcon Piso 13,22,06,19,21,21,17.42,106.0
Balcon Piso 13,22,06,19,21,26,17.68,104.0
Balcon Piso 13,22,06,19,21,31,17.68,106.0
Balcon Piso 13,22,06,19,21,36,17.42,105.0
Balcon Piso 13,22,06,19,21,41,17.94,107.0
Balcon Piso 13,22,06,19,21,46,17.16,107.0
Balcon Piso 13,22,06,19,21,51,17.42,107.0
Balcon Piso 13,22,06,19,21,56,17.42,107.0
Balcon Piso 13,22,06,19,22,01,17.42,107.0
Balcon Piso 13,22,06,19,22,06,17.16,107.0
Balcon Piso 13,22,06,19,22,11,18.46,106.0
Balcon Piso 13,22,06,19,22,16,16.38,105.0
Balcon Piso 13,22,06,19,22,21,16.64,105.0
Balcon Piso 13,22,06,19,22,26,16.64,105.0
Balcon Piso 13,22,06,19,22,31,17.42,57.0
Balcon Piso 13,22,06,19,22,36,17.16,66.0
Balcon Piso 13,22,06,19,22,41,16.64,65.0
Balcon Piso 13,22,06,19,22,46,17.68,64.0
Balcon Piso 13,22,06,19,22,51,18.46,67.0
Balcon Piso 13,22,06,19,22,56,18.2,65.0
Balcon Piso 13,22,06,19,23,01,17.68,65.0
Balcon Piso 13,22,06,19,23,06,18.2,65.0
Balcon Piso 13,22,06,19,23,11,18.2,70.0
Balcon Piso 13,22,06,19,23,16,17.94,69.0
Balcon Piso 13,22,06,19,23,21,17.68,67.0
Balcon Piso 13,22,06,19,23,26,18.46,66.0
Balcon Piso 13,22,06,19,23,31,17.94,66.0
Balcon Piso 13,22,06,19,23,36,20.28,67.0
Balcon Piso 13,22,06,19,23,41,17.94,64.0
Balcon Piso 13,22,06,19,23,46,17.68,64.0
Balcon Piso 13,22,06,19,23,51,17.42,55.0
Balcon Piso 13,22,06,19,23,56,17.68,67.0
Balcon Piso 13,23,06,19,00,01,17.42,66.0
Balcon Piso 13,23,06,19,00,06,17.94,68.0
Balcon Piso 13,23,06,19,00,11,17.42,68.0
Balcon Piso 13,23,06,19,00,16,18.46,65.0
Balcon Piso 13,23,06,19,00,21,18.46,66.0
Balcon Piso 13,23,06,19,00,26,20.28,66.0
Balcon Piso 13,23,06,19,00,31,18.98,64.0
Balcon Piso 13,23,06,19,00,36,18.2,66.0
Balcon Piso 13,23,06,19,00,41,18.98,65.0
Balcon Piso 13,23,06,19,00,46,18.98,33.0
Balcon Piso 13,23,06,19,00,51,18.98,67.0
Balcon Piso 13,23,06,19,00,56,19.24,67.0
Balcon Piso 13,23,06,19,01,01,19.24,64.0
Balcon Piso 13,23,06,19,01,06,17.42,64.0
Balcon Piso 13,23,06,19,01,11,19.24,62.0
Balcon Piso 13,23,06,19,01,16,21.58,53.0
Balcon Piso 13,23,06,19,01,21,20.02,0.0
Balcon Piso 13,23,06,19,01,26,19.24,0.0
Balcon Piso 13,23,06,19,01,31,20.54,0.0
Balcon Piso 13,23,06,19,01,36,20.54,0.0
Balcon Piso 13,23,06,19,01,41,20.54,0.0
Balcon Piso 13,23,06,19,01,46,20.54,0.0
Balcon Piso 13,23,06,19,01,51,20.8,0.0
Balcon Piso 13,23,06,19,01,56,21.06,0.0
Balcon Piso 13,23,06,19,02,01,20.8,0.0
Balcon Piso 13,23,06,19,02,06,20.8,0.0
Balcon Piso 13,23,06,19,02,11,20.8,0.0
Balcon Piso 13,23,06,19,02,16,21.06,0.0
Balcon Piso 13,23,06,19,02,21,20.8,0.0
Balcon Piso 13,23,06,19,02,26,20.54,0.0
Balcon Piso 13,23,06,19,02,31,20.8,0.0
Balcon Piso 13,23,06,19,02,36,20.8,0.0
Balcon Piso 13,23,06,19,02,41,21.06,0.0
Balcon Piso 13,23,06,19,02,46,20.8,0.0
Balcon Piso 13,23,06,19,02,51,21.06,0.0
Balcon Piso 13,23,06,19,02,56,21.06,0.0
Balcon Piso 13,23,06,19,03,01,20.8,0.0
Balcon Piso 13,23,06,19,03,06,21.06,0.0
Balcon Piso 13,23,06,19,03,11,21.06,0.0
Balcon Piso 13,23,06,19,03,16,21.06,0.0
Balcon Piso 13,23,06,19,03,21,21.32,0.0
Balcon Piso 13,23,06,19,03,26,21.06,0.0
Balcon Piso 13,23,06,19,03,31,22.1,0.0
Balcon Piso 13,23,06,19,03,36,21.32,0.0
Balcon Piso 13,23,06,19,03,41,21.06,0.0
Balcon Piso 13,23,06,19,03,46,21.06,0.0
Balcon Piso 13,23,06,19,03,51,21.32,0.0
Balcon Piso 13,23,06,19,03,56,21.06,0.0
Balcon Piso 13,23,06,19,04,01,21.06,0.0
Balcon Piso 13,23,06,19,04,06,21.06,0.0
Balcon Piso 13,23,06,19,04,11,21.06,0.0
Balcon Piso 13,23,06,19,04,16,21.32,0.0
Balcon Piso 13,23,06,19,04,21,20.8,0.0
Balcon Piso 13,23,06,19,04,27,21.32,0.0
Balcon Piso 13,23,06,19,04,32,21.06,0.0
Balcon Piso 13,23,06,19,04,37,21.32,0.0
Balcon Piso 13,23,06,19,04,42,21.32,0.0
Balcon Piso 13,23,06,19,04,47,21.32,0.0
Balcon Piso 13,23,06,19,04,52,21.32,0.0
Balcon Piso 13,23,06,19,04,57,21.32,0.0
Balcon Piso 13,23,06,19,05,02,21.32,0.0
Balcon Piso 13,23,06,19,05,07,21.06,0.0
Balcon Piso 13,23,06,19,05,12,21.58,0.0
Balcon Piso 13,23,06,19,05,17,21.32,0.0
Balcon Piso 13,23,06,19,05,22,21.32,0.0
Balcon Piso 13,23,06,19,05,27,21.32,0.0
Balcon Piso 13,23,06,19,05,32,20.8,0.0
Balcon Piso 13,23,06,19,05,37,22.88,0.0
Balcon Piso 13,23,06,19,05,42,21.32,0.0
Balcon Piso 13,23,06,19,05,47,21.06,0.0
Balcon Piso 13,23,06,19,05,52,21.06,0.0
Balcon Piso 13,23,06,19,05,57,21.32,0.0
Balcon Piso 13,23,06,19,06,02,21.32,0.0
Balcon Piso 13,23,06,19,06,07,21.32,0.0
Balcon Piso 13,23,06,19,06,12,21.32,0.0
Balcon Piso 13,23,06,19,06,17,21.06,0.0
Balcon Piso 13,23,06,19,06,22,19.76,0.0
Balcon Piso 13,23,06,19,06,27,21.32,0.0
Balcon Piso 13,23,06,19,06,32,21.32,0.0
Balcon Piso 13,23,06,19,06,37,20.54,0.0
Balcon Piso 13,23,06,19,06,42,22.1,0.0
Balcon Piso 13,23,06,19,06,47,21.32,0.0
Balcon Piso 13,23,06,19,06,52,21.32,0.0
Balcon Piso 13,23,06,19,06,57,21.32,0.0
Balcon Piso 13,23,06,19,07,02,20.8,0.0
Balcon Piso 13,23,06,19,07,07,22.1,0.0
Balcon Piso 13,23,06,19,07,12,21.32,0.0
Balcon Piso 13,23,06,19,07,17,21.32,0.0
Balcon Piso 13,23,06,19,07,22,20.8,0.0
Balcon Piso 13,23,06,19,07,27,21.84,0.0
Balcon Piso 13,23,06,19,07,32,21.32,3.0
Balcon Piso 13,23,06,19,07,37,21.06,6.0
Balcon Piso 13,23,06,19,07,42,21.06,14.0
Balcon Piso 13,23,06,19,07,47,21.06,25.0
Balcon Piso 13,23,06,19,07,52,21.06,37.0
Balcon Piso 13,23,06,19,07,57,20.8,46.0
Balcon Piso 13,23,06,19,08,02,21.06,56.0
Balcon Piso 13,23,06,19,08,07,21.06,74.0
Balcon Piso 13,23,06,19,08,12,21.06,106.0
Balcon Piso 13,23,06,19,08,17,21.06,131.0
Balcon Piso 13,23,06,19,08,22,21.06,143.0
Balcon Piso 13,23,06,19,08,27,21.06,163.0
Balcon Piso 13,23,06,19,08,32,21.32,196.0
Balcon Piso 13,23,06,19,08,37,21.32,189.0
Balcon Piso 13,23,06,19,08,42,20.28,185.0
Balcon Piso 13,23,06,19,08,47,23.14,217.0
Balcon Piso 13,23,06,19,08,52,21.58,260.0
Balcon Piso 13,23,06,19,08,57,22.1,269.0
Balcon Piso 13,23,06,19,09,02,21.58,260.0
Balcon Piso 13,23,06,19,09,07,21.84,285.0
Balcon Piso 13,23,06,19,09,12,21.84,312.0
Balcon Piso 13,23,06,19,09,17,21.84,319.0
Balcon Piso 13,23,06,19,09,22,21.84,336.0
